chr	pos	ref	alt	SYMBOL	CADD_v1.5_prediction	SQUIRLS_prediction	MaxEntScan_prediction	SpliceAI_prediction	CI-SpliceAI_prediction	Pangolin_prediction	SPiP_prediction	PDIVAS_prediction	label
1	68435602	T	G	RPE65	False	False	False	False	False	False	False	False	False
1	68446426	A	C	RPE65	False	False	False	False	False	False	False		False
1	68446467	G	A	RPE65	False	False	False	False	False	False	False		False
1	68448987	A	G	RPE65	False	False	False	False	False	False	False		False
1	93997549	G	A	ABCA4	False	False	False	False	False	False	False		False
1	94000567	C	T	ABCA4	False	False	True	False	False	False	False		False
1	94001452	C	T	ABCA4	False	False	False	False	False	False	False		False
1	94002207	C	T	ABCA4	False	False	True	False	False	False	False		False
1	94002234	G	C	ABCA4	False	False	False	False	False	False	False		False
1	94002381	C	T	ABCA4	False	False	False	False	False	False	False		False
1	94002484	A	G	ABCA4	False	False	False	False	False	False	False		False
1	94002647	A	G	ABCA4	False	False	False	False	False	False	False		False
1	94002678	C	T	ABCA4	False	False	False	False	False	False	False		False
1	94002737	T	C	ABCA4	False	False	True	False	False	False	False		False
1	94002769	A	G	ABCA4	False	False	False	False	False	False	False		False
1	94002786	G	A	ABCA4	False	False	False	False	False	False	False		False
1	94002801	G	A	ABCA4	False	False	False	False	False	False	False		False
1	94007306	T	C	ABCA4	False	False	True	False	False	False	False		False
1	94007353	G	A	ABCA4	False	False	False	False	False	False	False		False
1	94008001	C	T	ABCA4	False	False	True	False	False	False	False		False
1	94009091	G	C	ABCA4	False	False	False	False	False	False	False		False
1	94009171	A	G	ABCA4	False	False	False	False	False	False	False		False
1	94010479	C	T	ABCA4	False	False	True	False	False	False	False		False
1	94011676	T	G	ABCA4	False	False	False	False	False	False	False		False
1	94011722	C	T	ABCA4	False	False	True	False	False	False	False		False
1	94014973	A	C	ABCA4	False	False	False	False	False	False	False		False
1	94015435	T	C	ABCA4	False	False	False	False	False	False	False		False
1	94018567	T	C	ABCA4	False	False	False	False	False	False	False		False
1	94020044	T	C	ABCA4	False	False	False	False	False	False	False		False
1	94027143	C	G	ABCA4	False	False	True	False	False	False	False		False
1	94027217	T	C	ABCA4	False	False	True	False	False	False	False		False
1	94027416	G	C	ABCA4	False	False	False	False	False	False	False		False
1	94027675	G	T	ABCA4	False	False	False	False	False	False	False		False
1	94027743	T	C	ABCA4	False	False	False	False	False	False	False		False
1	94029931	G	A	ABCA4	False	False	False	False	False	False	False		False
1	94031398	C	A	ABCA4	False	False	True	False	False	False	False		False
1	94031577	G	A	ABCA4	False	False	False	False	False	False	False		False
1	94036525	C	T	ABCA4	False	False	False	False	False	False	False		False
1	94037627	A	G	ABCA4	False	False	False	False	False	False	False		False
1	94044285	T	C	ABCA4	False	False	False	False	False	False	False		False
1	94051429	A	C	ABCA4	False	False	True	False	False	False	False		False
1	94054895	G	T	ABCA4	False	False	False	False	False	False	False		False
1	94060067	A	G	ABCA4	False	False	False	False	False	False	False		False
1	94083705	A	G	ABCA4	False	False	False	False	False	False	False		False
1	94098360	T	C	ABCA4	False	False	False	False	False	False	False		False
1	94100940	T	G	ABCA4	False	False	True	False	False	False	False		False
1	94101007	G	A	ABCA4	False	False	False	False	False	False	False		False
1	94101127	T	C	ABCA4	False	False	False	False	False	False	False		False
1	94101128	G	A	ABCA4	False	False	False	False	False	False	False		False
1	94103386	G	C	ABCA4	False	False	False	False	False	False	False		False
1	94111108	A	G	ABCA4	False	False	False	False	False	False	False		False
1	94111867	C	T	ABCA4	False	False	True	False	False	False	False		False
1	94111906	G	T	ABCA4	False	False	False	False	False	False	False		False
1	94120746	T	C	ABCA4	False	False	False	False	False	False	False		False
1	197329243	T	C	CRB1	False	False	False	False	False	False	False		False
1	197347109	C	G	CRB1	False	False	True	False	False	False	False		False
1	197428956	A	G	CRB1	False	False	False	False	False	False	False		False
1	197438309	C	T		False	False	False	False	False	False	False		False
1	215640319	G	A	USH2A	False	False	False	False	False	False	False		False
1	215648089	A	G	USH2A	False	False	False	False	False	False	False		False
1	215670738	G	C	USH2A	False	False	False	False	False	False	False		False
1	215680673	A	C	USH2A	False	False	False	False	False	False	False		False
1	215728709	A	G	USH2A	False	False	False	False	False	False	False		False
1	215741130	C	A	USH2A	False	False	True	False	False	False	False		False
1	215743599	T	C	USH2A	False	False	False	False	False	False	False		False
1	215759073	G	C	USH2A	False	False	True	False	False	False	False		False
1	215759401	T	G	USH2A	False	False	False	False	False	False	False		False
1	215760118	C	T	USH2A	False	False	True	False	False	False	False		False
1	215780264	C	T	USH2A	False	False	False	False	False	False	False		False
1	215782471	T	C	USH2A	False	False	True	False	False	False	False		False
1	215782527	T	C	USH2A	False	False	False	False	False	False	False		False
1	215790612	C	G	USH2A	False	False	False	False	False	False	False		False
1	215790625	G	T	USH2A	False	False	False	False	False	False	False		False
1	215794515	T	C	USH2A	False	False	True	False	False	False	False		False
1	215794583	A	G	USH2A	False	False	False	False	False	False	False		False
1	215794732	C	T	USH2A	False	False	False	False	False	False	False		False
1	215794736	A	G	USH2A	False	False	False	False	False	False	False		False
1	215798661	T	G	USH2A	False	False	False	False	False	False	False		False
1	215799327	A	G	USH2A	False	False	False	False	False	False	False		False
1	215799384	A	G	USH2A	False	False	False	False	False	False	False		False
1	215814120	C	T	USH2A	False	False	True	False	False	False	False		False
1	215838450	G	T	USH2A	False	False	False	False	False	False	False		False
1	215866500	T	G	USH2A	False	False	True	False	False	False	False		False
1	215866625	T	C	USH2A	False	False	True	False	False	False	False		False
1	215877443	T	C	USH2A	False	False	False	False	False	False	False		False
1	215888223	A	G	USH2A	False	False	False	False	False	False	False		False
1	215889362	T	G	USH2A	False	False	False	False	False	False	False		False
1	215890960	A	T		False	False	False	False	False	False	False		False
1	215891474	G	A		False	True	False	False	False	False	False		False
1	215891499	C	T		False	False	False	False	False	False	False		False
1	215993440	G	A	USH2A	False	False	False	False	False	False	False		False
1	215998687	C	A	USH2A	False	False	True	False	False	False	False		False
1	216073878	G	T	USH2A-AS2	False	False	False	False	False	False	False		False
1	216074352	G	A	USH2A-AS2	False	False	True	False	False	False	False		False
1	216085164	A	T	USH2A	False	False	False	False	False	False	False		False
1	216086519	G	A	USH2A	False	False	False	False	False	False	False		False
1	216088746	C	T	USH2A	False	False	True	False	False	False	False		False
1	216097474	C	T	USH2A	False	False	True	False	False	False	False		False
1	216167267	G	A	USH2A	False	False	False	False	False	False	False	False	False
1	216175809	C	T	USH2A	False	False	False	False	False	False	False		False
1	216232430	C	A	USH2A	False	False	True	False	False	False	False		False
1	216247508	G	T	USH2A	False	False	False	False	False	False	False		False
1	216322209	T	G	USH2A	False	False	False	False	False	False	False		False
1	93998928	T	G	ABCA4	False	False	True	False	False	False	False	False	True
1	94012706	T	C	ABCA4	False	False	False	True	True	True	False	True	True
1	94016411	C	A	ABCA4	False	False	False	True	True	True	False	True	True
1	94018366	G	T	ABCA4	False	False	False	True	False	True	False	True	True
1	94018445	C	T	ABCA4	False	False	True	False	False	True	False	True	True
1	94018526	T	C	ABCA4	False	False	True	True	False	True	False	True	True
1	94018569	T	C	ABCA4	False	True	False	True	False	True	False	True	True
1	94024213	T	C	ABCA4	False	False	False	True	False	True	False	True	True
1	94027380	G	C	ABCA4	False	False	False	True	True	True	False	True	True
1	94027381	G	A	ABCA4	False	False	False	True	True	True	False	True	True
1	94027417	G	A	ABCA4	False	False	False	False	False	False	False	False	True
1	94027444	C	T	ABCA4	False	False	False	False	False	False	False	True	True
1	94028339	G	A	ABCA4	False	False	False	True	True	True	False	True	True
1	94028345	T	C	ABCA4	False	False	False	True	False	True	False	True	True
1	94040287	G	T	ABCA4	False	False	False	False	False	False	False	False	True
1	94044243	G	A	ABCA4	False	True	False	True	True	True	True	True	True
1	94044913	A	C	ABCA4	False	False	False	True	False	True	False	True	True
1	94045127	G	A	ABCA4	False	False	False	False	False	False	False	False	True
1	94045570	A	T	ABCA4	False	False	True	True	False	True	False	True	True
1	94045628	C	A	ABCA4	False	False	False	True	True	True	False	True	True
1	94046566	T	G	ABCA4	False	False	False	False	False	False	False	False	True
1	94050975	C	T	ABCA4	False	False	True	False	False	False	False	False	True
1	94050984	G	C	ABCA4	False	False	False	False	False	False	False	False	True
1	94052404	G	A	ABCA4	False	False	False	True	True	True	False	True	True
1	94059539	A	G	ABCA4	False	False	False	False	False	False	False	False	True
1	94061273	T	C	ABCA4	False	True	False	True	True	True	False	True	True
1	94061378	T	C	ABCA4	False	True	False	True	False	True	False	True	True
1	94061380	C	T	ABCA4	False	True	False	True	False	False	False	True	True
1	94062142	G	C	ABCA4	False	False	False	False	False	False	False	False	True
1	94064133	A	C	ABCA4	False	True	False	True	True	True	False	True	True
1	94075406	C	A	ABCA4	False	False	False	False	False	False	False	False	True
1	94081224	C	G	ABCA4	False	False	True	False	False	False	False	False	True
1	94081258	G	C	ABCA4	False	False	False	True	True	True	False	True	True
1	94081264	C	T	ABCA4	False	False	False	True	False	False	False	True	True
1	94081358	T	C	ABCA4	False	False	False	True	True	True	False	True	True
1	94084225	G	A	ABCA4	False	False	False	False	False	False	False	False	True
1	94084229	T	A	ABCA4	False	False	True	True	True	True	False	True	True
1	94095571	G	A	ABCA4	False	False	False	False	False	False	False	False	True
1	94101217	T	C	ABCA4	False	True	False	True	True	True	True	True	True
1	94115089	A	C	ABCA4	False	False	True	True	False	True	False	True	True
1	94115269	C	T	ABCA4	False	False	False	False	False	False	False	False	True
1	94117794	G	A	ABCA4	False	False	False	False	False	False	False	False	True
1	215653970	T	C	USH2A	False	False	False	True	False	True	False	True	True
1	215659213	T	C	USH2A	False	False	True	False	False	False	False	False	True
1	215662337	G	T	USH2A	False	False	False	False	False	False	False	False	True
1	215703095	C	T	USH2A	False	False	True	False	False	False	False	False	True
1	215794441	T	C	USH2A	False	False	False	True	True	True	False	True	True
1	215866379	G	A	USH2A	False	False	False	True	False	True	False	True	True
1	215867824	G	C	USH2A	False	False	False	True	False	False	False	True	True
1	215891198	T	C	USH2A	False	True	False	True	True	True	False	True	True
1	215966223	A	G	USH2A	False	False	False	False	False	False	False	False	True
1	216074134	T	C	USH2A	False	False	False	True	True	True	False	True	True
1	216088638	T	C	USH2A	False	False	False	True	True	True	False	True	True
1	216179372	T	C	USH2A	False	False	True	True	False	True	False	True	True
1	216289787	T	C	USH2A	False	False	False	False	False	False	False	False	True
1	216322480	G	A	USH2A	False	True	False	True	True	True	False	True	True
1	216350564	C	A	USH2A	False	False	False	False	False	True	False	False	True
1	216400175	C	A	USH2A	False	False	False	False	False	False	False	False	True
11	66524211	C	T	BBS1	False	False	False	False	False	False	False	False	True
11	117396360	G	A	CEP164	False	False	False	False	False	False	False	False	True
12	88101183	T	C	CEP290	False	False	False	False	False	False	True	False	True
12	88103859	A	C	CEP290	False	False	False	True	False	True	False	True	True
12	88118025	A	G	CEP290	False	False	True	False	False	False	False	False	True
12	94311588	A	T	CEP83	False	False	False	False	False	False	False	False	True
15	71815241	G	A	NR2E3	False	False	True		True	True	False	True	True
16	53624469	G	A	RPGRIP1L	False	False	False	False	False	False	False	False	True
16	53698990	G	A	RPGRIP1L	False	False	False	False	False	False	False	False	True
3	150942410	A	C		False	True	False	True	True	True	False	True	True
3	170505802	C	T	SLC7A14	False	False	False	False	False	False	False	False	True
4	646709	G	A	PDE6B	False	False	True	False	False	False	False	False	True
4	15990725	C	G	PROM1	False	False	False	False	False	False	False	False	True
4	127894590	A	T	PLK4	False	False	False	False	False	False	False	False	True
5	90797750	G	A	ADGRV1	False	False	False	False	False	False	False	False	True
5	91039673	A	C	ADGRV1	False	False	False	False	False	False	False	False	True
6	63802426	G	C	EYS	False	False	False	False	False	False	False	False	True
6	63964152	T	C	EYS	False	False	False	True	True	True	False	True	True
6	64024854	G	A	EYS	False	False	False	False	False	False	False	False	True
6	64373656	G	A	EYS	False	False	False	False	False	False	False	False	True
6	64519311	T	C	EYS	False	False	True	True	False	True	False	True	True
6	65224453	T	C	EYS	False	False	False	False	False	False	False	False	True
6	65226028	A	C	EYS	False	False	False	True	True	True	False	True	True
6	65283565	A	G	EYS	False	False	False	False	False	False	False	False	True
6	65303224	G	A	EYS	False	False	False	False	False	False	False		True
6	65345720	C	T	EYS	False	False	False	False	False	False	False	False	True
6	65446195	C	T	EYS	False	False	False	False	False	False	False	False	True
6	72106499	T	A	RIMS1	False	False	True	True	False	True	False	False	True
8	43159853	T	C	HGSNAT	False	True	False	True	True	True	False	True	True
8	99416820	C	T	VPS13B	False	False	False	False	False	False	False	False	True
X	13750239	A	G	OFD1	False	True	True	True	True	True	False	True	True
X	38300884	C	T	RPGR	False	False	False	False	False	False	False	False	True
X	85872532	G	C	CHM	False	True	True	True	True	True	False	True	True
X	85901709	T	C	CHM	False	False	True	True	True	True	False	True	True
X	85965588	T	C	CHM	False	False	True	True	True	True	False	True	True
X	85968639	A	T	CHM	False	False	True	True	True	True	False	True	True
10	124411670	G	C	OAT	False	True	False	True	False	True	True	True	True
14	21320996	G	C	RPGRIP1	False	False	True	True	False	True	False	True	True
17	38339074	C	T	GPR179	False	False	True	True	False	True	True	True	True
19	54130024	C	G	PRPF31	False	True	False	True	False	True	True	True	True
7	33346372	C	T	BBS9	False	True	False	True	True	True	False	True	True
