chr	pos	ref	alt	SYMBOL	index	chr	pos	ref	alt	id	type	subtype	HGVSc	SYMBOL	Consequence	SQUIRLS	SpliceAI	Pangolin	AlphaGenome	location	outcome
1	35893699	TTCT	T	AGO1	1_35893699_ENST00000373204:c.539_541del_T	1	35893699	TTCT	T	ENST00000373204:c.539_541del	indel	del	ENST00000373204.6:c.539_541del	AGO1	inframe_deletion	0.0057	0.01	0.06	1.0	other_coding	Benign
1	68431069	ATCT	A	RPE65	1_68431069_ENST00000262340:c.1443_1445del_A	1	68431069	ATCT	A	ENST00000262340:c.1443_1445del	indel	del	ENST00000262340.6:c.1443_1445del	RPE65	inframe_deletion	0.0057	0.08	0.05	1.0	other_coding	Benign
1	68438234	GAGCCTTTCTGGC	G	RPE65	1_68438234_ENST00000262340:c.1069_1080del_G	1	68438234	GAGCCTTTCTGGC	G	ENST00000262340:c.1069_1080del	indel	del	ENST00000262340.6:c.1069_1080del	RPE65	inframe_deletion	0.0056	0.03	0.12	1.0	other_coding	Benign
1	68446763	TTGCCCA	T	RPE65	1_68446763_ENST00000262340:c.186_191del_T	1	68446763	TTGCCCA	T	ENST00000262340:c.186_191del	indel	del	ENST00000262340.6:c.186_191del	RPE65	inframe_deletion	0.019	0.0	0.01	1.0	other_coding	Benign
1	219193121	G	A	LYPLAL1	1_219193121_ENST00000366928:c.231G>A_A	1	219193121	G	A	ENST00000366928:c.231G>A	snp	ts	ENST00000366928.10:c.231G>A	LYPLAL1	stop_gained	0.044	0.2	0.20000000298023224	0.0	other_coding	Benign
12	69262510	GAGACCGTGACCG	G	CPSF6	12_69262510_ENST00000266679:c.1719_1730del_G	12	69262510	GAGACCGTGACCG	G	ENST00000266679:c.1719_1730del	indel	del	ENST00000435070.7:c.1611_1622del	CPSF6	inframe_deletion	0.0066	0.0		0.0	other_coding	Benign
12	96592602	AATA	A	CFAP54	12_96592602_ENST00000524981:c.3326_3328del_A	12	96592602	AATA	A	ENST00000524981:c.3326_3328del	indel	del	ENST00000524981.9:c.3326_3328del	CFAP54	inframe_deletion	0.0056	0.21	0.06	0.0	other_coding	Benign
14	35007375	AACA	A	SRP54	14_35007375_ENST00000216774:c.349_351del_A	14	35007375	AACA	A	ENST00000216774:c.349_351del	indel	del	ENST00000216774.11:c.349_351del	SRP54	inframe_deletion	0.0056	0.03	0.03	0.0	other_coding	Benign
15	39589030	GGTG	G	THBS1	15_39589030_ENST00000260356:c.1718_1720del_G	15	39589030	GGTG	G	ENST00000260356:c.1718_1720del	indel	del	ENST00000260356.6:c.1718_1720del	THBS1	inframe_deletion	0.0057	0.0	0.01	0.0	other_coding	Benign
15	42401686	AGGA	A	CAPN3	15_42401686_ENST00000318023:c.1257_1259del_A	15	42401686	AGGA	A	ENST00000318023:c.1257_1259del	indel	del	ENST00000397163.8:c.1401_1403del	CAPN3	inframe_deletion	0.026	0.05	0.01	0.0	other_coding	Benign
17	1653571	ACTT	A	PRPF8	17_1653571_ENST00000304992:c.6337_6339del_A	17	1653571	ACTT	A	ENST00000304992:c.6337_6339del	indel	del	ENST00000304992.11:c.6337_6339del	PRPF8	inframe_deletion	0.0056	0.01	0.02	0.0	other_coding	Benign
2	11198523	GCTTCTCAAA	G	ROCK2	2_11198523_ENST00000315872:c.3058_3066del_G	2	11198523	GCTTCTCAAA	G	ENST00000315872:c.3058_3066del	indel	del	ENST00000315872.11:c.3058_3066del	ROCK2	inframe_deletion	0.0057	0.0	0.01	0.0	other_coding	Benign
2	219168248	G	A	SLC23A3	2_219168248_ENST00000409370:c.745C>T_A	2	219168248	G	A	ENST00000409370:c.745C>T	snp	ts	ENST00000409878.8:c.745C>T	SLC23A3	stop_gained	0.37	0.53	0.3100000023841858	0.0	other_coding	Benign
7	18496304	T	C	HDAC9	7_18496304_ENST00000401921:c.2T>C_C	7	18496304	T	C	ENST00000401921:c.2T>C	snp	ts	ENST00000686413.1:c.2T>C	HDAC9	start_lost	0.016	0.01	0.009999999776482582	0.0	other_coding	Benign
X	18628716	C	T	CDKL5	X_18628716_ENST00000623535:c.2842C>T_T	X	18628716	C	T	ENST00000623535:c.2842C>T	snp	ts	ENST00000623535.2:c.2842C>T	CDKL5	stop_gained	0.0086	0.0	0.0	0.0	other_coding	Benign
X	119470513	A	ACTGACCTCATGTACACAG	SLC25A5	X_119470513_ENST00000317881:c.739_739+1insCTGACCTCATGTACACAG_ACTGACCTCATGTACACAG	X	119470513	A	ACTGACCTCATGTACACAG	ENST00000317881:c.739_739+1insCTGACCTCATGTACACAG	indel	ins	ENST00000317881.9:c.739_739+1insCTGACCTCATGTACACAG	SLC25A5	inframe_insertion&splice_region_variant	0.779	0.0	0.019999999552965164		other_coding	Benign
X	152728157	G	C	CSAG1	X_152728157_ENST00000370287:c.84C>G_C	X	152728157	G	C	ENST00000370287:c.84C>G	snp	tv	ENST00000452779.3:c.84C>G	CSAG1	stop_gained	0.0056		0.20000000298023224	0.0	other_coding	Benign
1	68444594	G	C	RPE65	1_68444594_ENST00000262340:c.432C>G_C	1	68444594	G	C	ENST00000262340:c.432C>G	snp	tv	ENST00000262340.6:c.432C>G	RPE65	stop_gained	0.0059	0.59	0.6499999761581421	1.0	other_coding	Pathogenic
7	55978384	C	A	NIPSNAP2	7_55978384_ENST00000322090:c.267C>A_A	7	55978384	C	A	ENST00000322090:c.267C>A	snp	tv	ENST00000322090.8:c.267C>A	NIPSNAP2	stop_gained	0.011	0.39	0.41999998688697815	0.0	other_coding	Pathogenic
